Sampling,Accuracy
NoSampling,0.8717391304347826
RandomOverSampler,0.8594293223116297
RandomUnderSampler,0.8578349441714481
SMOTE,0.8606889335299677
SMOTETomek,0.8594479156953057
